Variants,Adipic acid (ug/mL)
L29F,89.83485036
M26L,38.07962163
M26I,25.6641406
M26V,19.42663053
L29C,9.986363361
L29R,6.317862996
WT,4.534308207
L29Y,3.651640248
L29A,2.815528082
L29S,2.147903904
L29M,1.403755779
L29P,1.245730909
M26T-P28G-L29H,1.223800619
L29Q,1.032385119
M26Q-L29H,0.752167967
L29E,0.683080945
S286N,0.555595839
P28G-L29H,0.49618137
M26T,0.46905608
M26T-P28G-L29S,0.345086231
M26Q-L29S,0.313761655
P28S-L29H,0.265414209
L29H,0.227361175
P28G,0.22538852
P28G-L29S,0.21470896
M26C,0.212454572
H367Q,0.197719415
P28A,0.193424936
P28C,0.184901844
L29V,0.180797976
I374G,0.153695326
P28D,0.132963186
L29N,0.132644392
M26T-L29S,0.1308851
M26T-L29K,0.130493379
M26Q-P28S,0.126542464
M26F,0.109541038
L29D,0.101644177
Y280H,0.101604725
M26S-L29H,0.09594305
M26Q-L29K,0.091315206
I374S,0.091105615
I117S,0.089389176
M26R,0.087805515
M26K,0.08579662
M26T-P28S-L29H,0.085332158
Y280S,0.08427027
M26T-P28S-L29K,0.081590311
P28F,0.079307043
L29T,0.078806379
M26Y,0.078133933
M26Q-P28G-L29S,0.077767953
M371N,0.076814259
M26Q,0.076140879
M26Q-P28S-L29H,0.075341259
M26H,0.075162379
M26T-P28G-L29K,0.074588115
M26S,0.072307425
M26Q-P28G-L29H,0.07192919
H367S,0.069923696
L29W,0.06925308
M26N,0.067052528
M26G,0.06271415
P28G-L29K,0.060212288
L29G,0.056768202
S286G,0.05523337
D276S,0.05166622
D276H,0.051012678
V61G,0.048302159
M26T-L29H,0.042655129
P28T,0.036030868
I117N,0.034336434
P28Q,0.03306757
P28K,0.02538923
V61H,0.025349553
M371S,0.021330867
F112G,0.020645793
P28W,0.020521085
L29I,0.019818415
P28E,0.017599182
Y280Q,0.016999514
H367N,0.016183007
P28H,0.01600846
P28I,0.015820762
C370H,0.014277674
I374N,0.013841457
P28S,0.012497387
M26P,0.010474295
E178N,0.010037293
E178S,0.009798487
P28L,0.009446927
M371H,0.008393333
H367G,0.008377567
I117H,0.008288052
P28S-L29K,0.007759106
M26T-P28S-L29S,0.006745748
W283G,0.006638001
P28N,0.005801544
P28V,0.005346198
M26Q-P28S-L29K,0.004486727
P28M,0.004366801
F112H,0.004289801
E178K,0.00413513
L380S,0.004090037
F112N,0.003716435
M26Q-P28S-L29K,0.003673134
H287K,0.003175086
H287G,0.003162607
M26T-P28G,0.002903514
F112S,0.00274974
H367K,0.00274294
D276N,0.002416973
V61S,0.002225913
M26Q-P28G-L29K,0.002146373
M26E,0.001999174
G60S,0.001968501
L380R,0.00165206
E178R,0.001371261
M26Q-P28G,0.001055866
Blank,0.001051196
P28S-L29S,0.000907135
Y280K,0.000767446
C370K,0.000739463
L29K,0.000661455
E178H,0.000315985
M26T-P28S,0.000252435
G60H,0.000171775
W283N,0
H287N,0
M371G,0
L380H,0
Y297R,0
W283K,0
L380N,0
W283R,0
I374H,0
V61K,0
C370N,0
I374K,0
D276K,0
W283H,0
H287S,0
C370R,0
M26W,0
M26D,0
P28R,0
M26A,0
M26S-P28S,0
M26S-L29K,0
M26S-L29S,0
P28Y,0
