seq_id,tm
31390,-2.1300000000000026
31391,-3.789999999999999
31392,8.539999999999992
31393,-21.67000000000001
31394,8.83999999999999
31395,-2.3800000000000097
31396,-0.6600000000000108
31397,-6.190000000000005
31398,-5.099999999999994
31399,-6.890000000000001
31400,-14.799999999999997
31401,-1.9099999999999966
31402,-10.099999999999994
31403,-28.08
31404,-5.930000000000007
31405,-5.290000000000006
31406,-6.790000000000006
31407,-5.959999999999994
31408,-7.519999999999996
31409,-4.959999999999994
31410,-9.25
31411,-5.099999999999994
31412,-40.66
31413,-33.9
31414,-11.450000000000003
31415,-1.769999999999996
31416,-5.6299999999999955
31417,-0.29999999999999716
31418,-5.799999999999997
31419,-3.3499999999999943
31420,-2.809999999999988
31421,-2.739999999999995
31422,-6.409999999999997
31423,-5.689999999999998
31424,-3.8799999999999955
31425,-2.1599999999999966
31426,-0.6400000000000006
31427,-0.19999999999998863
31428,-3.1700000000000017
31429,-13.530000000000001
31430,-30.39
31431,-35.89
31432,-14.420000000000002
31433,-3.480000000000004
31434,-3.230000000000004
31435,-0.6099999999999994
31436,-4.489999999999995
31437,-3.6299999999999955
31438,-2.739999999999995
31439,-6.409999999999997
31440,-2.010000000000005
31441,-3.6700000000000017
31442,-3.010000000000005
31443,-2.230000000000004
31444,-3.519999999999996
31445,-3.1899999999999977
31446,-2.6899999999999977
31447,-0.960000000000008
31448,-0.1699999999999875
31449,-1.4199999999999875
31450,-0.5299999999999869
31451,-0.8699999999999903
31452,-1.3900000000000006
31453,-2.6799999999999926
31454,-1.25
31455,-0.7599999999999909
31456,-0.37999999999999545
31457,-0.5899999999999892
31458,-0.6400000000000006
31459,-0.9399999999999977
31460,-2.6200000000000045
31461,-0.18999999999999773
31462,-0.6299999999999955
31463,0.1599999999999966
31464,-0.7999999999999972
31465,-1.2999999999999972
31466,0.14000000000000057
31467,-0.09999999999999432
31468,-1.8200000000000074
31469,-0.10999999999999943
31470,-0.6299999999999955
31471,-1.2399999999999949
31472,-0.7099999999999937
31473,-2.6799999999999926
31474,-8.25
31475,-1.3299999999999983
31476,-0.7099999999999937
31477,-0.5099999999999909
31478,-2.6000000000000085
31479,-0.7900000000000063
31480,-12.989999999999995
31481,-0.37999999999999545
31482,-1.2900000000000063
31483,-0.480000000000004
31484,0.35999999999999943
31485,-4.460000000000008
31486,-3.9799999999999898
31487,-0.29999999999999716
31488,-0.4299999999999926
31489,-0.9599999999999937
31490,-3.680000000000007
31491,-2.990000000000009
31492,-4.8700000000000045
31493,0.0799999999999983
31494,-15.25
31495,-10.079999999999998
31496,-4.530000000000001
31497,0.5900000000000034
31498,-5.950000000000003
31499,-9.039999999999992
31500,-3.319999999999993
31501,-4.0
31502,-5.329999999999998
31503,-7.019999999999996
31504,-6.739999999999995
31505,-4.200000000000003
31506,-3.019999999999996
31507,-4.819999999999993
31508,-5.539999999999992
31509,-1.3799999999999955
31510,-0.539999999999992
31511,-7.109999999999999
31512,-0.01999999999999602
31513,-4.510000000000005
31514,-3.5799999999999983
31515,-2.75
31516,-4.030000000000001
31517,-3.1700000000000017
31518,-1.4899999999999949
31519,-12.909999999999997
31520,-19.5
31521,-5.8700000000000045
31522,-9.39
31523,-7.780000000000001
31524,-5.989999999999995
31525,-4.700000000000003
31526,-9.11
31527,-14.519999999999996
31528,-0.8900000000000006
31529,-3.1899999999999977
31530,-2.469999999999999
31531,-0.9599999999999937
31532,-5.1299999999999955
31533,-2.8699999999999903
31534,-7.969999999999999
31535,-2.3299999999999983
31536,-2.0799999999999983
31537,-0.30000000000001137
31538,0.01999999999999602
31539,-0.8500000000000085
31540,-1.1500000000000057
31541,-0.6500000000000057
31542,-0.14000000000000057
31543,-0.09000000000000341
31544,-0.4000000000000057
31545,-0.710000000000008
31546,-0.09000000000000341
31547,-0.6899999999999977
31548,-0.11999999999999034
31549,-0.37999999999999545
31550,-0.8199999999999932
31551,-0.14000000000000057
31552,-0.23000000000000398
31553,-0.8100000000000023
31554,-0.1599999999999966
31555,-5.269999999999996
31556,-2.5600000000000023
31557,-1.3499999999999943
31558,-1.769999999999996
31559,-1.2199999999999989
31560,-1.8999999999999915
31561,-0.8299999999999983
31562,-0.5999999999999943
31563,-0.6499999999999915
31564,-0.23999999999999488
31565,-0.7399999999999949
31566,0.030000000000001137
31567,-0.12999999999999545
31568,0.060000000000002274
31569,-0.060000000000002274
31570,-0.21999999999999886
31571,-1.789999999999992
31572,-0.5
31573,-1.4099999999999966
31574,-0.10999999999999943
31575,-2.0799999999999983
31576,-0.5
31577,-1.5799999999999983
31578,-1.1799999999999926
31579,0.3499999999999943
31580,-0.6599999999999966
31581,-0.3299999999999983
31582,-1.4699999999999989
31583,-0.6700000000000017
31584,-1.7199999999999989
31585,-1.6599999999999966
31586,-1.8299999999999983
31587,-3.6200000000000045
31588,-0.8199999999999932
31589,-1.039999999999992
31590,-0.9399999999999977
31591,-2.799999999999997
31592,-0.6799999999999926
31593,-0.7999999999999972
31594,-1.789999999999992
31595,-1.8799999999999955
31596,-0.9299999999999926
31597,-0.29999999999999716
31598,-0.75
31599,-0.5
31600,-0.38000000000000966
31601,-0.75
31602,-0.6800000000000068
31603,-0.18000000000000682
31604,-0.960000000000008
31605,-0.29000000000000625
31606,-0.14000000000000057
31607,-0.4099999999999966
31608,-0.3400000000000034
31609,-0.010000000000005116
31610,-0.0799999999999983
31611,0.0799999999999983
31612,-0.5499999999999972
31613,-1.3700000000000045
31614,-1.0499999999999972
31615,-2.6299999999999955
31616,-0.4099999999999966
31617,-1.6699999999999875
31618,-0.5799999999999983
31619,-1.0799999999999983
31620,-1.5
31621,-2.4799999999999898
31622,-2.0999999999999943
31623,-0.1799999999999926
31624,-0.8299999999999983
31625,-0.9099999999999966
31626,-1.6599999999999966
31627,-0.6799999999999926
31628,-2.260000000000005
31629,-9.340000000000003
31630,-1.2099999999999937
31631,-7.429999999999993
31632,-0.9500000000000028
31633,-7.480000000000004
31634,-3.239999999999995
31635,-0.769999999999996
31636,-3.319999999999993
31637,-10.030000000000001
31638,-2.450000000000003
31639,-0.4399999999999977
31640,-0.4200000000000017
31641,-0.8100000000000023
31642,-7.920000000000002
31643,-1.5900000000000034
31644,-2.569999999999993
31645,-1.8499999999999943
31646,0.1599999999999966
31647,-1.9200000000000017
31648,-2.299999999999997
31649,-1.8299999999999983
31650,-0.19999999999998863
31651,-0.9499999999999886
31652,0.030000000000001137
31653,-0.07000000000000739
31654,-1.1099999999999994
31655,-0.7199999999999989
31656,-0.9099999999999966
31657,-0.9699999999999989
31658,-1.0400000000000063
31659,-1.6599999999999966
31660,-0.45999999999999375
31661,-0.46999999999999886
31662,-1.6099999999999994
31663,-0.8999999999999915
31664,-0.5900000000000034
31665,-0.6099999999999994
31666,-0.5599999999999881
31667,-0.07000000000000739
31668,-0.13000000000000966
31669,-0.18999999999999773
31670,-0.05000000000001137
31671,-0.1600000000000108
31672,-0.4300000000000068
31673,-0.4300000000000068
31674,-0.18999999999999773
31675,-0.25
31676,-0.28000000000000114
31677,0.0
31678,-0.1600000000000108
31679,-0.8100000000000023
31680,-0.30000000000001137
31681,-1.0200000000000102
31682,-0.2600000000000051
31683,-0.4000000000000057
31684,-0.37000000000000455
31685,-0.5200000000000102
31686,-0.3500000000000085
31687,-0.6900000000000119
31688,-0.5800000000000125
31689,-0.28000000000000114
31690,-0.060000000000002274
31691,-0.36000000000001364
31692,-0.14000000000000057
31693,-0.28000000000000114
31694,-0.12999999999999545
31695,-0.10000000000000853
31696,-0.10999999999999943
31697,-0.18999999999999773
31698,-0.29999999999999716
31699,-0.45000000000000284
31700,-0.1700000000000017
31701,-0.5999999999999943
31702,-2.809999999999988
31703,-17.0
31704,-0.39000000000000057
31705,-2.069999999999993
31706,-0.28999999999999204
31707,-1.1799999999999926
31708,-2.049999999999997
31709,0.25
31710,-0.9199999999999875
31711,-0.8599999999999994
31712,-0.3299999999999983
31713,-0.75
31714,-0.3399999999999892
31715,-0.7199999999999989
31716,-1.2000000000000028
31717,-0.6200000000000045
31718,-0.6000000000000085
31719,-1.4699999999999989
31720,-1.5100000000000051
31721,-3.230000000000004
31722,-2.910000000000011
31723,-0.45000000000000284
31724,0.3999999999999915
31725,-1.230000000000004
31726,-0.5400000000000063
31727,-1.7199999999999989
31728,0.2599999999999909
31729,-0.5300000000000011
31730,0.12999999999999545
31731,0.980000000000004
31732,-1.1499999999999915
31733,-0.6400000000000006
31734,-2.030000000000001
31735,-2.230000000000004
31736,0.0899999999999892
31737,-1.220000000000013
31738,0.8099999999999881
31739,-1.0300000000000011
31740,-1.0700000000000074
31741,-1.1899999999999977
31742,-0.01999999999999602
31743,0.12999999999999545
31744,-2.7099999999999937
31745,0.46999999999999886
31746,1.0100000000000051
31747,-0.6099999999999994
31748,0.4300000000000068
31749,-2.8599999999999994
31750,-0.5099999999999909
31751,-0.44999999999998863
31752,-0.37999999999999545
31753,-1.2999999999999972
31754,-0.4299999999999926
31755,0.30000000000001137
31756,0.5200000000000102
31757,-1.269999999999996
31758,-0.35999999999999943
31759,-8.89
31760,-9.83999999999999
31761,-0.3399999999999892
31762,-0.06999999999999318
31763,0.0
31764,-1.019999999999996
31765,-1.9199999999999875
31766,-0.37999999999999545
31767,0.4000000000000057
31768,2.299999999999997
31769,0.8400000000000034
31770,-3.8600000000000136
31771,-2.690000000000012
31772,-1.5900000000000034
31773,0.7399999999999949
31774,-1.0600000000000023
31775,-7.290000000000006
31776,-4.63000000000001
31777,-0.5400000000000063
31778,-4.969999999999999
31779,-0.8200000000000074
31780,1.3199999999999932
31781,-2.1400000000000006
31782,-11.52000000000001
31783,-3.219999999999999
31784,-3.5999999999999943
31785,-3.469999999999999
31786,-7.659999999999997
31787,-22.590000000000003
31788,-16.50999999999999
31789,1.3200000000000074
31790,-2.6899999999999977
31791,0.09000000000000341
31792,0.5600000000000023
31793,0.18000000000000682
31794,-7.1499999999999915
31795,1.0
31796,1.2199999999999989
31797,-1.5700000000000074
31798,-2.230000000000004
31799,-1.6500000000000057
31800,-8.070000000000007
31801,-1.6299999999999955
31802,3.5999999999999943
31803,0.38000000000000966
31804,-0.3399999999999892
31805,-0.4899999999999949
31806,-0.6099999999999994
31807,2.1200000000000045
31808,-6.099999999999994
31809,-0.6799999999999926
31810,-0.9899999999999949
31811,-1.7900000000000063
31812,0.5699999999999932
31813,-3.9000000000000057
31814,-1.6899999999999977
31815,1.1799999999999926
31816,-1.0600000000000023
31817,1.2099999999999937
31818,-0.20999999999999375
31819,0.3499999999999943
31820,-2.6200000000000045
31821,0.06999999999999318
31822,-0.0799999999999983
31823,-1.1899999999999977
31824,-0.4899999999999949
31825,0.5200000000000102
31826,-6.1499999999999915
31827,-6.310000000000002
31828,-30.299999999999997
31829,-25.599999999999994
31830,-8.549999999999997
31831,-22.539999999999992
31832,-24.519999999999996
31833,-23.289999999999992
31834,-34.25
31835,0.769999999999996
31836,-1.269999999999996
31837,-3.769999999999996
31838,-2.0600000000000023
31839,-1.2800000000000011
31840,-22.260000000000005
31841,1.4699999999999989
31842,1.8700000000000045
31843,-1.7199999999999989
31844,0.269999999999996
31845,-0.39000000000000057
31846,-1.2600000000000051
31847,-0.5600000000000023
31848,-0.060000000000002274
31849,-0.29999999999999716
31850,-2.469999999999999
31851,-0.2600000000000051
31852,0.3299999999999983
31853,-0.7700000000000102
31854,-0.8200000000000074
31855,0.3100000000000023
31856,-0.13000000000000966
31857,0.09999999999999432
31858,-1.3200000000000074
31859,-16.38000000000001
31860,-0.030000000000001137
31861,-1.2000000000000028
31862,-0.6000000000000085
31863,-0.7199999999999989
31864,-0.980000000000004
31865,-4.900000000000006
31866,-5.430000000000007
31867,-2.200000000000003
31868,-2.969999999999999
31869,-1.7600000000000051
31870,-4.609999999999999
31871,-5.0
31872,-3.469999999999999
31873,-1.0799999999999983
31874,-0.9899999999999949
31875,0.519999999999996
31876,-1.039999999999992
31877,-0.03999999999999204
31878,-0.3299999999999983
31879,-0.4299999999999926
31880,-1.4599999999999937
31881,-0.9399999999999977
31882,-0.9299999999999926
31883,-1.1199999999999903
31884,-0.4299999999999926
31885,-0.480000000000004
31886,-0.8800000000000097
31887,-0.5900000000000034
31888,-2.0200000000000102
31889,-1.25
31890,-1.6400000000000006
31891,-0.6899999999999977
31892,-0.29000000000000625
31893,-1.1400000000000006
31894,-0.7800000000000011
31895,-0.269999999999996
31896,-0.030000000000001137
31897,-0.4099999999999966
31898,-0.3499999999999943
31899,-0.6999999999999886
31900,-0.4299999999999926
31901,-0.14999999999999147
31902,-3.030000000000001
31903,-1.0699999999999932
31904,-4.939999999999998
31905,-1.1800000000000068
31906,-0.8100000000000023
31907,-0.6599999999999966
31908,-1.3900000000000006
31909,-3.3200000000000074
31910,-6.990000000000009
31911,-4.930000000000007
31912,-2.3799999999999955
31913,-2.9000000000000057
31914,-3.2900000000000063
31915,-5.36999999999999
31916,-1.269999999999996
31917,-1.6799999999999926
31918,-0.4299999999999926
31919,-1.8199999999999932
31920,-3.049999999999997
31921,-2.259999999999991
31922,-3.0
31923,0.18000000000000682
31924,-4.329999999999998
31925,-0.8800000000000097
31926,-0.6300000000000097
31927,-0.3500000000000085
31928,-0.4100000000000108
31929,-0.10000000000000853
31930,-1.0900000000000034
31931,-0.769999999999996
31932,-2.8699999999999903
31933,-0.2599999999999909
31934,-1.019999999999996
31935,-2.6899999999999977
31936,-1.9499999999999886
31937,-1.5600000000000023
31938,-3.3999999999999915
31939,-2.9599999999999937
31940,-1.1700000000000017
31941,-0.6400000000000006
31942,-0.3199999999999932
31943,-1.230000000000004
31944,-0.8499999999999943
31945,-3.6799999999999926
31946,-1.2199999999999989
31947,-4.25
31948,-1.5499999999999972
31949,-3.3599999999999994
31950,-3.8900000000000006
31951,-0.9699999999999989
31952,-0.5499999999999972
31953,-4.170000000000002
31954,0.3400000000000034
31955,-1.7900000000000063
31956,-2.760000000000005
31957,-4.3700000000000045
31958,-3.1400000000000006
31959,-6.239999999999995
31960,-0.6599999999999966
31961,-1.3599999999999994
31962,-1.289999999999992
31963,-1.1400000000000006
31964,-0.4899999999999949
31965,-0.23000000000000398
31966,-1.480000000000004
31967,-2.4000000000000057
31968,-0.06999999999999318
31969,0.23000000000000398
31970,-1.8399999999999892
31971,-7.569999999999993
31972,-3.6400000000000006
31973,-7.969999999999999
31974,-1.6400000000000006
31975,-13.259999999999991
31976,-11.780000000000001
31977,-29.049999999999997
31978,-3.009999999999991
31979,-2.8499999999999943
31980,-15.75
31981,-52.76
31982,-3.819999999999993
31983,-4.36999999999999
31984,-3.4299999999999926
31985,-0.4399999999999977
31986,-2.089999999999989
31987,-7.719999999999999
31988,-5.079999999999998
31989,0.060000000000002274
31990,-1.3999999999999915
31991,-8.189999999999998
31992,-1.9500000000000028
31993,-2.1400000000000006
31994,0.9100000000000108
31995,-14.129999999999995
31996,-2.3400000000000034
31997,-0.6200000000000045
31998,-4.670000000000002
31999,-0.28000000000000114
32000,0.09000000000000341
32001,-2.480000000000004
32002,-5.1299999999999955
32003,-0.04999999999999716
32004,-1.1200000000000045
32005,-0.960000000000008
32006,0.30999999999998806
32007,0.05999999999998806
32008,-1.9200000000000017
32009,-3.719999999999999
32010,-2.8300000000000125
32011,-5.25
32012,-4.02000000000001
32013,-1.2700000000000102
32014,-2.3200000000000074
32015,-0.38000000000000966
32016,0.5699999999999932
32017,-6.3300000000000125
32018,-19.460000000000008
32019,0.3499999999999943
32020,0.009999999999990905
32021,-0.4200000000000017
32022,-3.989999999999995
32023,-16.789999999999992
32024,-0.22999999999998977
32025,-5.519999999999996
32026,-5.640000000000001
32027,-27.929999999999993
32028,-1.7199999999999989
32029,-8.679999999999993
32030,-2.3699999999999903
32031,-2.039999999999992
32032,-4.3799999999999955
32033,-10.489999999999995
32034,-25.429999999999993
32035,-0.23000000000000398
32036,-0.7099999999999937
32037,-1.0900000000000034
32038,-1.7000000000000028
32039,-1.539999999999992
32040,-0.38000000000000966
32041,0.1599999999999966
32042,0.23999999999999488
32043,-0.05000000000001137
32044,-3.760000000000005
32045,-0.1599999999999966
32046,-0.39000000000000057
32047,-4.310000000000002
32048,-8.120000000000005
32049,-1.25
32050,-2.1500000000000057
32051,-2.9000000000000057
32052,-0.18000000000000682
32053,0.18999999999999773
32054,-18.879999999999995
32055,-1.1800000000000068
32056,-1.4399999999999977
32057,-4.329999999999998
32058,-0.8199999999999932
32059,-0.29999999999999716
32060,-1.8599999999999994
32061,-0.9099999999999966
32062,-1.230000000000004
32063,-2.0400000000000063
32064,-0.14000000000000057
32065,-7.1299999999999955
32066,-0.269999999999996
32067,-0.9200000000000017
32068,-1.6599999999999966
32069,-0.6400000000000006
32070,0.030000000000001137
32071,-1.0799999999999983
32072,-31.58
32073,-1.5999999999999943
32074,-1.3900000000000006
32075,-0.8799999999999955
32076,-0.25
32077,-0.3400000000000034
32078,-0.25
32079,-0.13000000000000966
32080,-13.159999999999997
32081,-5.52000000000001
32082,-2.950000000000003
32083,-4.480000000000004
32084,-0.8999999999999915
32085,-4.730000000000004
32086,-2.3799999999999955
32087,-4.939999999999998
32088,-4.090000000000003
32089,-0.6400000000000006
32090,-3.319999999999993
32091,-5.75
32092,-0.7199999999999989
32093,-0.45000000000000284
32094,-2.1499999999999915
32095,-3.489999999999995
32096,-3.3100000000000023
32097,-20.090000000000003
32098,-4.959999999999994
32099,-2.259999999999991
32100,-0.7999999999999972
32101,-9.030000000000001
32102,-0.30999999999998806
32103,0.030000000000001137
32104,0.1600000000000108
32105,-0.35999999999999943
32106,-2.4299999999999926
32107,0.05000000000001137
32108,-2.9799999999999898
32109,0.010000000000005116
32110,0.29000000000000625
32111,-3.8400000000000034
32112,-0.7800000000000011
32113,0.37000000000000455
32114,-1.4099999999999966
32115,-2.319999999999993
32116,-1.4299999999999926
32117,-0.6000000000000085
32118,-1.3900000000000006
32119,-0.7800000000000011
32120,-0.09000000000000341
32121,-2.969999999999999
32122,-0.37000000000000455
32123,-8.780000000000001
32124,-0.5499999999999972
32125,-2.8900000000000006
32126,-0.4300000000000068
32127,-2.569999999999993
32128,-1.0900000000000034
32129,-1.5600000000000023
32130,-0.18000000000000682
32131,-3.0900000000000034
32132,-2.4099999999999966
32133,-2.9099999999999966
32134,-3.210000000000008
32135,-0.6300000000000097
32136,-3.0600000000000023
32137,-2.9399999999999977
32138,-6.650000000000006
32139,-6.859999999999999
32140,-20.739999999999995
32141,-2.769999999999996
32142,-4.769999999999996
32143,-1.2399999999999949
32144,-3.8700000000000045
32145,-0.7900000000000063
32146,-0.15000000000000568
32147,-1.3900000000000006
32148,-1.7199999999999989
32149,-1.6800000000000068
32150,-7.760000000000005
32151,-1.1600000000000108
32152,0.39000000000000057
32153,-1.8800000000000097
32154,-0.7000000000000028
32155,-1.8799999999999955
32156,-4.579999999999998
32157,-1.539999999999992
32158,-1.039999999999992
32159,-4.329999999999998
32160,-4.52000000000001
32161,-14.710000000000008
32162,-17.10000000000001
32163,-16.120000000000005
32164,-14.340000000000003
32165,-3.799999999999997
32166,-7.61999999999999
32167,-3.4799999999999898
32168,-7.009999999999991
32169,-4.3999999999999915
32170,-4.140000000000001
32171,-1.6700000000000017
32172,-4.769999999999996
32173,-1.3599999999999994
32174,-3.6599999999999966
32175,-19.379999999999995
32176,0.269999999999996
32177,1.1799999999999926
32178,-1.4200000000000017
32179,-0.8700000000000045
32180,-8.900000000000006
32181,4.049999999999997
32182,-0.3200000000000074
32183,-0.7099999999999937
32184,-19.629999999999995
32185,-1.6099999999999994
32186,-3.3700000000000045
32187,-1.2399999999999949
32188,-0.5999999999999943
32189,-1.0
32190,-2.0
32191,-4.310000000000002
32192,-4.359999999999999
32193,-24.340000000000003
32194,-3.430000000000007
32195,-0.10999999999999943
32196,0.3400000000000034
32197,-2.6700000000000017
32198,-0.37000000000000455
32199,-6.609999999999999
32200,-0.9200000000000017
32201,-0.6700000000000017
32202,-1.8599999999999994
32203,-3.5400000000000063
32204,-6.420000000000002
32205,-0.6300000000000097
32206,-0.28000000000000114
32207,-3.3500000000000085
32208,-1.3000000000000114
32209,-2.780000000000001
32210,-1.7700000000000102
32211,-1.6500000000000057
32212,-1.6000000000000085
32213,-0.710000000000008
32214,-2.7900000000000063
32215,-2.230000000000004
32216,-2.8200000000000074
32217,-3.5900000000000034
32218,-0.8700000000000045
32219,-0.29000000000000625
32220,-0.3499999999999943
32221,-0.8400000000000034
32222,-0.9899999999999949
32223,-1.2399999999999949
32224,-2.969999999999999
32225,-1.3599999999999994
32226,-1.9399999999999977
32227,-0.18999999999999773
32228,-0.28000000000000114
32229,-1.4500000000000028
32230,-0.18000000000000682
32231,-0.7000000000000028
32232,-1.1400000000000006
32233,-1.4099999999999966
32234,-1.75
32235,-0.28999999999999204
32236,-0.8400000000000034
32237,-0.35999999999999943
32238,0.18999999999999773
32239,-3.8799999999999955
32240,-1.4500000000000028
32241,-0.12999999999999545
32242,-3.0799999999999983
32243,0.0
32244,-2.269999999999996
32245,-2.2299999999999898
32246,-1.0499999999999972
32247,-6.819999999999993
32248,-4.049999999999997
32249,-0.7199999999999989
32250,-1.2999999999999972
32251,-0.5600000000000023
32252,-1.8100000000000023
32253,-0.12000000000000455
32254,-0.75
32255,1.4399999999999977
32256,-0.8299999999999983
32257,-0.2400000000000091
32258,-2.739999999999995
32259,0.20999999999999375
32260,0.09999999999999432
32261,1.4599999999999937
32262,-2.8100000000000023
32263,-0.4200000000000017
32264,-16.489999999999995
32265,-6.790000000000006
32266,-1.5600000000000023
32267,-2.530000000000001
32268,-1.6700000000000017
32269,-11.219999999999999
32270,-7.450000000000003
32271,0.0
32272,-0.9500000000000028
32273,-1.4000000000000057
32274,-0.9200000000000017
32275,-10.509999999999991
32276,-1.3499999999999943
32277,-4.209999999999994
32278,-0.45000000000000284
32279,-6.790000000000006
32280,-3.0
32281,-9.11
32282,-1.4000000000000057
32283,-1.2700000000000102
32284,-1.9500000000000028
32285,-1.6800000000000068
32286,-0.980000000000004
32287,-0.45000000000000284
32288,-2.3299999999999983
32289,-2.0200000000000102
32290,-0.7900000000000063
32291,-0.3299999999999983
32292,-0.7999999999999972
32293,-2.1700000000000017
32294,-10.61
32295,-0.7800000000000011
32296,-0.4200000000000017
32297,-0.46999999999999886
32298,-0.6200000000000045
32299,-2.1299999999999955
32300,-1.1200000000000045
32301,-0.730000000000004
32302,-0.4200000000000017
32303,-1.6099999999999994
32304,-6.269999999999996
32305,-0.4099999999999966
32306,-1.2000000000000028
32307,-1.6899999999999977
32308,-1.3199999999999932
32309,-2.280000000000001
32310,-0.5600000000000023
32311,-2.269999999999996
32312,-2.6200000000000045
32313,-1.5600000000000023
32314,-1.2399999999999949
32315,-4.640000000000001
32316,0.29999999999999716
32317,2.980000000000004
32318,2.8100000000000023
32319,2.8000000000000114
32320,1.4500000000000028
32321,1.3300000000000125
32322,0.6900000000000119
32323,0.4100000000000108
32324,-0.44999999999998863
32325,-0.09999999999999432
32326,-2.089999999999989
32327,1.5400000000000063
32328,-0.0799999999999983
32329,-0.39000000000000057
32330,1.0500000000000114
32331,0.3200000000000074
32332,-1.5699999999999932
32333,0.23000000000000398
32334,0.6000000000000085
32335,-0.10999999999999943
32336,-0.5499999999999972
32337,0.0799999999999983
32338,-2.0700000000000074
32339,-0.6400000000000006
32340,-2.3599999999999994
32341,-0.5799999999999983
32342,-0.04999999999999716
32343,-0.18999999999999773
32344,-0.3400000000000034
32345,0.9399999999999977
32346,-0.519999999999996
32347,0.4399999999999977
32348,-0.20000000000000284
32349,0.2400000000000091
32350,0.4300000000000068
32351,-0.3100000000000023
32352,-1.009999999999991
32353,-0.1599999999999966
32354,-0.5999999999999943
32355,0.09000000000000341
32356,-0.37999999999999545
32357,0.14000000000000057
32358,-0.4300000000000068
32359,-2.4099999999999966
32360,-1.5400000000000063
32361,-0.18000000000000682
32362,-3.3900000000000006
32363,-0.5499999999999972
32364,-1.0799999999999983
32365,-1.3900000000000006
32366,-1.8499999999999943
32367,-1.6099999999999994
32368,-0.769999999999996
32369,-1.9099999999999966
32370,-1.4099999999999966
32371,-0.3200000000000074
32372,-0.8100000000000023
32373,-0.5400000000000063
32374,-0.4300000000000068
32375,-0.5799999999999983
32376,-0.4099999999999966
32377,-1.75
32378,-4.75
32379,-2.8599999999999994
32380,-0.4099999999999966
32381,-0.7299999999999898
32382,-8.049999999999997
32383,-0.4099999999999966
32384,-1.1699999999999875
32385,-1.039999999999992
32386,-1.4199999999999875
32387,-1.6400000000000006
32388,-0.21999999999999886
32389,-5.459999999999994
32390,-1.559999999999988
32391,-0.7099999999999937
32392,-0.8000000000000114
32393,-0.730000000000004
32394,-1.460000000000008
32395,-2.0200000000000102
32396,-0.5900000000000034
32397,-0.5
32398,-5.150000000000006
32399,-1.6700000000000017
32400,-0.480000000000004
32401,-1.6200000000000045
32402,-9.960000000000008
32403,-8.950000000000003
32404,-0.8800000000000097
32405,-3.8799999999999955
32406,-0.4899999999999949
32407,-10.489999999999995
32408,-14.89
32409,-6.930000000000007
32410,-14.120000000000005
32411,-15.670000000000002
32412,-12.730000000000004
32413,-8.180000000000007
32414,-4.650000000000006
32415,-8.340000000000003
32416,-1.75
32417,-1.9500000000000028
32418,-0.5099999999999909
32419,-1.6199999999999903
32420,-0.789999999999992
32421,-1.9399999999999977
32422,0.1599999999999966
32423,-2.8800000000000097
32424,-2.549999999999997
32425,-3.6000000000000085
32426,-2.799999999999997
32427,-0.3500000000000085
32428,-0.4399999999999977
32429,-2.3800000000000097
32430,-4.390000000000001
32431,-0.18999999999999773
32432,0.01999999999999602
32433,0.1599999999999966
32434,-0.14000000000000057
32435,-0.21999999999999886
32436,-0.1700000000000017
32437,-0.980000000000004
32438,-2.5999999999999943
32439,-1.6099999999999994
32440,-3.049999999999997
32441,-0.9399999999999977
32442,-0.3400000000000034
32443,-2.319999999999993
32444,-2.200000000000003
32445,-0.28000000000000114
32446,-0.35999999999999943
32447,-0.7000000000000028
32448,-2.299999999999997
32449,-1.6899999999999977
32450,-0.7000000000000028
32451,-1.210000000000008
32452,-2.1300000000000097
32453,-0.6599999999999966
32454,-0.4300000000000068
32455,-3.180000000000007
32456,-1.1200000000000045
32457,-1.5300000000000011
32458,-1.7999999999999972
32459,-2.0
32460,-1.8200000000000074
32461,-0.9399999999999977
32462,-0.769999999999996
32463,-1.3900000000000006
32464,-0.8100000000000023
32465,-0.4000000000000057
32466,-0.25
32467,-0.09000000000000341
32468,0.03999999999999204
32469,-0.980000000000004
32470,0.14999999999999147
32471,-0.27000000000001023
32472,0.04999999999999716
32473,-0.27000000000001023
32474,-1.1300000000000097
32475,-1.3000000000000114
32476,-0.10999999999999943
32477,-0.46000000000000796
32478,-0.6200000000000045
32479,-0.46999999999999886
32480,-1.1099999999999994
32481,-2.3299999999999983
32482,-0.30000000000001137
32483,-1.6600000000000108
32484,-0.45000000000000284
32485,0.23999999999999488
32486,0.030000000000001137
32487,-0.23999999999999488
32488,0.10999999999999943
32489,-0.46999999999999886
32490,-0.1700000000000017
32491,0.2600000000000051
32492,-0.3199999999999932
32493,-0.060000000000002274
32494,-0.29999999999999716
32495,0.1599999999999966
32496,0.01999999999999602
32497,-0.09000000000000341
32498,-0.75
32499,-0.09000000000000341
32500,-0.04999999999999716
32501,-0.37999999999999545
32502,-0.5700000000000074
32503,-0.2600000000000051
32504,-0.28000000000000114
32505,0.0799999999999983
32506,-0.8100000000000023
32507,-0.18000000000000682
32508,-1.5
32509,-0.3299999999999983
32510,0.18999999999999773
32511,0.3400000000000034
32512,0.5400000000000063
32513,-0.35999999999999943
32514,0.480000000000004
32515,-0.4399999999999977
32516,-0.25
32517,-0.3400000000000034
32518,-0.0799999999999983
32519,-0.010000000000005116
32520,-0.23000000000000398
32521,-0.5400000000000063
32522,-0.09999999999999432
32523,0.29000000000000625
32524,-0.6799999999999926
32525,-0.9500000000000028
32526,-1.0300000000000011
32527,0.18000000000000682
32528,-0.5799999999999983
32529,-0.20999999999999375
32530,-1.5999999999999943
32531,-2.0
32532,-1.2800000000000011
32533,-1.539999999999992
32534,-1.3199999999999932
32535,-0.4899999999999949
32536,-1.3299999999999983
32537,-0.6600000000000108
32538,-2.219999999999999
32539,-1.5
32540,-8.079999999999998
32541,-5.579999999999998
32542,-0.21000000000000796
32543,-1.8000000000000114
32544,-2.1099999999999994
32545,-2.1200000000000045
32546,-5.640000000000001
32547,-1.4399999999999977
32548,-1.4000000000000057
32549,-1.1400000000000006
32550,-1.3400000000000034
32551,-4.570000000000007
32552,-2.719999999999999
32553,-8.030000000000001
32554,-10.629999999999995
32555,-2.3100000000000023
32556,-14.439999999999998
32557,-6.049999999999997
32558,-1.740000000000009
32559,0.0
32560,-7.019999999999996
32561,-3.490000000000009
32562,-7.960000000000008
32563,-11.290000000000006
32564,-4.939999999999998
32565,-1.1700000000000017
32566,-1.4300000000000068
32567,-3.660000000000011
32568,0.5999999999999943
32569,-3.260000000000005
32570,-1.980000000000004
32571,-8.060000000000002
32572,-3.1500000000000057
32573,-2.0500000000000114
32574,-0.010000000000005116
32575,-0.3499999999999943
32576,-0.6899999999999977
32577,-0.5400000000000063
32578,-0.5100000000000051
32579,0.09000000000000341
32580,-0.7000000000000028
32581,-0.9200000000000017
32582,-1.7999999999999972
32583,-1.2099999999999937
32584,-0.7399999999999949
32585,-0.06999999999999318
32586,-0.5900000000000034
32587,-0.6899999999999977
32588,0.4899999999999949
32589,0.20999999999999375
32590,0.5
32591,-1.0400000000000063
32592,-0.75
32593,-0.9000000000000057
32594,-1.2800000000000011
32595,-0.5600000000000023
32596,0.0799999999999983
32597,-1.1700000000000017
32598,-1.4099999999999966
32599,0.1599999999999966
32600,0.04000000000000625
32601,-0.4200000000000017
32602,-0.46999999999999886
32603,-0.6200000000000045
32604,0.12999999999999545
32605,-0.06999999999999318
32606,-0.3299999999999983
32607,-2.0
32608,-0.01999999999999602
32609,0.3299999999999983
32610,0.18000000000000682
32611,-0.0799999999999983
32612,-0.29999999999999716
32613,-0.45000000000000284
32614,-3.5700000000000074
32615,-0.6300000000000097
32616,-0.38000000000000966
32617,-1.1700000000000017
32618,0.789999999999992
32619,-1.25
32620,-3.5
32621,-0.730000000000004
32622,-0.5300000000000011
32623,-0.09000000000000341
32624,-0.4000000000000057
32625,-0.4099999999999966
32626,-0.18999999999999773
32627,0.20999999999999375
32628,-1.5
32629,-0.9699999999999989
32630,-0.37999999999999545
32631,-0.12000000000000455
32632,-1.4399999999999977
32633,-0.09000000000000341
32634,-0.18999999999999773
32635,0.20999999999999375
32636,-0.5400000000000063
32637,-0.21999999999999886
32638,0.030000000000001137
32639,-0.8599999999999994
32640,-2.7099999999999937
32641,-0.12000000000000455
32642,-0.5600000000000023
32643,0.04999999999999716
32644,-0.12000000000000455
32645,-0.4200000000000017
32646,-0.8900000000000006
32647,-0.75
32648,0.0799999999999983
32649,-2.0900000000000034
32650,-7.210000000000008
32651,-3.799999999999997
32652,-2.530000000000001
32653,1.0699999999999932
32654,-6.439999999999998
32655,-5.3799999999999955
32656,-34.53999999999999
32657,-0.75
32658,-1.2700000000000102
32659,-2.010000000000005
32660,-0.8299999999999983
32661,-4.429999999999993
32662,-5.329999999999998
32663,-4.560000000000002
32664,-4.359999999999999
32665,-1.4599999999999937
32666,-5.509999999999991
32667,-2.8299999999999983
32668,-6.019999999999996
32669,-3.25
32670,-1.3599999999999994
32671,0.3299999999999983
32672,-7.299999999999997
32673,-1.2600000000000051
32674,-6.040000000000006
32675,-0.4200000000000017
32676,0.1599999999999966
32677,-1.5100000000000051
32678,-0.29000000000000625
32679,-0.35999999999999943
32680,0.010000000000005116
32681,-0.7999999999999972
32682,-0.01999999999999602
32683,-7.349999999999994
32684,-2.3799999999999955
32685,-9.189999999999998
32686,-9.530000000000001
32687,-13.16000000000001
32688,-9.219999999999999
32689,-11.25
32690,-10.11
32691,-8.840000000000003
32692,-7.480000000000004
32693,-10.25
32694,-6.740000000000009
32695,-1.8299999999999983
32696,-1.3200000000000074
32697,-0.7900000000000063
32698,-1.0400000000000063
32699,-0.010000000000005116
32700,-0.6500000000000057
32701,-2.1099999999999994
32702,-4.5
32703,0.4399999999999977
32704,-0.10999999999999943
32705,-0.6700000000000017
32706,-0.7600000000000051
32707,-0.8700000000000045
32708,-3.200000000000003
32709,-0.710000000000008
32710,0.6400000000000006
32711,-2.75
32712,-0.6099999999999994
32713,-0.04000000000000625
32714,0.01999999999999602
32715,-1.2999999999999972
32716,-1.1500000000000057
32717,-0.18999999999999773
32718,0.269999999999996
32719,-1.6899999999999977
32720,-4.410000000000011
32721,-2.260000000000005
32722,-1.1300000000000097
32723,0.3999999999999915
32724,-0.3100000000000023
32725,0.46000000000000796
32726,-2.1699999999999875
32727,-1.5999999999999943
32728,-1.6400000000000006
32729,-0.9899999999999949
32730,-0.04999999999999716
32731,-2.8499999999999943
32732,-2.6999999999999886
32733,-2.029999999999987
32734,-6.790000000000006
32735,-0.12999999999999545
32736,-0.09000000000000341
32737,0.01999999999999602
32738,-1.0499999999999972
32739,-1.3500000000000085
32740,-0.7600000000000051
32741,-0.9099999999999966
32742,0.14000000000000057
32743,-0.3200000000000074
32744,-0.29000000000000625
32745,-1.1700000000000017
32746,-2.280000000000001
32747,-0.6800000000000068
32748,-2.019999999999996
32749,0.3499999999999943
32750,0.28000000000000114
32751,-0.0899999999999892
32752,-0.6599999999999966
32753,0.480000000000004
32754,-0.18000000000000682
32755,-0.75
32756,-0.4300000000000068
32757,-0.3499999999999943
32758,-11.659999999999997
32759,0.46999999999999886
32760,0.21999999999999886
32761,0.5100000000000051
32762,-1.509999999999991
32763,-0.7299999999999898
32764,-1.3599999999999994
32765,-0.4099999999999966
32766,-1.2999999999999972
32767,-2.809999999999988
32768,-0.8399999999999892
32769,-6.769999999999996
32770,-1.2800000000000011
32771,-1.0499999999999972
32772,-3.6099999999999994
32773,-3.780000000000001
32774,-0.3400000000000034
32775,0.7000000000000028
32776,0.5500000000000114
32777,0.7600000000000051
32778,0.2600000000000051
32779,-0.4199999999999875
32780,2.740000000000009
32781,2.0900000000000034
32782,2.8200000000000074
32783,3.710000000000008
32784,5.27000000000001
32785,0.8700000000000045
32786,1.5200000000000102
32787,2.1700000000000017
32788,2.25
32789,-1.1400000000000006
32790,-29.189999999999998
32791,0.030000000000001137
32792,-4.010000000000005
32793,-2.930000000000007
32794,-0.01999999999999602
32795,-4.519999999999996
32796,-1.019999999999996
32797,-2.719999999999999
32798,-1.7800000000000011
32799,-22.909999999999997
32800,-3.2099999999999937
32801,-1.6400000000000006
32802,-4.099999999999994
32803,-2.1400000000000006
32804,-1.3999999999999915
32805,-0.35999999999999943
32806,-1.039999999999992
32807,-1.75
32808,-0.29999999999999716
32809,-1.8900000000000006
32810,-0.20000000000000284
32811,-1.7199999999999989
32812,-0.8400000000000034
32813,-0.5100000000000051
32814,-0.730000000000004
32815,-1.1300000000000097
32816,-0.6099999999999994
32817,-1.7700000000000102
32818,-3.5500000000000114
32819,-1.4200000000000017
32820,-3.469999999999999
32821,-7.180000000000007
32822,-5.570000000000007
32823,-3.989999999999995
32824,-0.5900000000000034
32825,-1.4300000000000068
32826,-2.519999999999996
32827,-3.8799999999999955
32828,-9.379999999999995
32829,-14.120000000000005
32830,-7.159999999999997
32831,-0.8999999999999915
32832,-4.859999999999999
32833,-1.6199999999999903
32834,-2.8599999999999994
32835,-4.819999999999993
32836,-1.1400000000000006
32837,-2.259999999999991
32838,-0.7399999999999949
32839,-0.35999999999999943
32840,-0.769999999999996
32841,0.38000000000000966
32842,-0.3499999999999943
32843,-1.2099999999999937
32844,0.7199999999999989
32845,-0.1799999999999926
32846,0.35999999999999943
32847,-0.6099999999999994
32848,0.0
32849,-0.35999999999999943
32850,0.30000000000001137
32851,-0.18999999999999773
32852,0.07000000000000739
32853,0.28000000000000114
32854,0.14000000000000057
32855,-2.9799999999999898
32856,-2.9399999999999977
32857,-6.22999999999999
32858,-2.259999999999991
32859,-3.9200000000000017
32860,-5.820000000000007
32861,-4.070000000000007
32862,-3.0999999999999943
32863,-2.0600000000000023
32864,-9.049999999999997
32865,-3.260000000000005
32866,-6.210000000000008
32867,-0.39000000000000057
32868,-17.820000000000007
32869,-0.060000000000002274
32870,1.3499999999999943
32871,-4.450000000000003
32872,0.7999999999999972
32873,-0.37999999999999545
32874,-2.3900000000000006
32875,-2.299999999999997
32876,-2.319999999999993
32877,-8.159999999999997
32878,-2.6999999999999886
32879,-3.039999999999992
32880,-3.1799999999999926
32881,-0.2599999999999909
32882,-0.030000000000001137
32883,-0.6599999999999966
32884,-1.539999999999992
32885,-0.20999999999999375
32886,-1.6899999999999977
32887,-0.22999999999998977
32888,-1.8399999999999892
32889,-3.5600000000000023
32890,-2.269999999999996
32891,-0.5799999999999983
32892,-1.2199999999999989
32893,-0.04999999999999716
32894,-0.04999999999999716
32895,-3.430000000000007
32896,-0.4700000000000131
32897,-0.6200000000000045
32898,-4.720000000000013
32899,-2.3900000000000006
32900,-3.3400000000000034
32901,-0.4300000000000068
32902,-0.5200000000000102
32903,-3.230000000000004
32904,-0.5600000000000023
32905,-0.6000000000000085
32906,-0.7999999999999972
32907,-8.280000000000001
32908,-16.049999999999997
32909,0.18999999999999773
32910,-8.14
32911,-0.4899999999999949
32912,-5.3700000000000045
32913,-6.109999999999999
32914,-16.290000000000006
32915,-5.579999999999998
32916,-10.810000000000002
32917,-2.489999999999995
32918,3.510000000000005
32919,2.3900000000000006
32920,-6.060000000000002
32921,-2.239999999999995
32922,-8.050000000000011
32923,-17.320000000000007
32924,-8.75
32925,-8.340000000000003
32926,-5.280000000000001
32927,-1.7299999999999898
32928,-1.4899999999999949
32929,0.6899999999999977
32930,-1.4699999999999989
32931,-2.269999999999996
32932,-0.789999999999992
32933,-3.0600000000000023
32934,0.0
32935,-1.3599999999999994
32936,-4.3799999999999955
32937,-0.5100000000000051
32938,-8.989999999999995
32939,-1.6800000000000068
32940,0.11999999999999034
32941,-1.8599999999999994
32942,-2.8100000000000023
32943,-0.7400000000000091
32944,-3.980000000000004
32945,-0.5300000000000011
32946,-27.27000000000001
32947,-1.6700000000000017
32948,-1.4200000000000017
32949,-2.760000000000005
32950,-1.490000000000009
32951,-0.6299999999999955
32952,-0.3500000000000085
32953,-1.519999999999996
32954,-1.4500000000000028
32955,-4.090000000000003
32956,-3.3100000000000023
32957,-2.680000000000007
32958,-1.1200000000000045
32959,-0.9899999999999949
32960,-0.5600000000000023
32961,-0.730000000000004
32962,-0.9099999999999966
32963,-0.37999999999999545
32964,0.3400000000000034
32965,-1.0300000000000011
32966,-0.8199999999999932
32967,-1.730000000000004
32968,-2.3900000000000006
32969,-0.3500000000000085
32970,-1.3900000000000006
32971,-1.6500000000000057
32972,-2.0400000000000063
32973,-5.640000000000001
32974,-3.700000000000003
32975,-0.730000000000004
32976,0.04999999999999716
32977,-26.929999999999993
32978,-6.140000000000001
32979,-0.4899999999999949
32980,-4.140000000000001
32981,-1.190000000000012
32982,0.2799999999999869
32983,0.5799999999999983
32984,-0.44000000000001194
32985,-0.3400000000000034
32986,0.20999999999999375
32987,-20.480000000000004
32988,-5.63000000000001
32989,-2.910000000000011
32990,0.18999999999999773
32991,-0.10000000000000853
32992,0.28999999999999204
32993,0.35999999999999943
32994,-0.10999999999999943
32995,-0.1700000000000017
32996,-6.609999999999999
32997,-1.960000000000008
32998,-2.5600000000000023
32999,-5.260000000000005
33000,-2.730000000000004
33001,-4.700000000000003
33002,-1.6300000000000097
33003,-2.660000000000011
33004,-1.490000000000009
33005,-0.5
33006,-0.45000000000000284
33007,-0.6500000000000057
33008,-1.5
33009,-2.260000000000005
33010,-1.3500000000000085
33011,-0.519999999999996
33012,-0.4000000000000057
33013,-2.6699999999999875
33014,-0.8999999999999915
33015,-0.44999999999998863
33016,-1.6400000000000006
33017,-2.4199999999999875
33018,-3.5799999999999983
33019,-17.120000000000005
33020,-0.5400000000000063
33021,-12.099999999999994
33022,-1.8299999999999983
33023,-1.1500000000000057
33024,-0.3200000000000074
33025,-1.5799999999999983
33026,-3.3100000000000023
33027,-12.950000000000003
33028,-3.0400000000000063
33029,0.10999999999999943
33030,0.35999999999999943
33031,-3.200000000000003
33032,0.09999999999999432
33033,0.01999999999999602
33034,0.25
33035,-4.810000000000002
33036,0.2599999999999909
33037,0.18999999999999773
33038,-0.9100000000000108
33039,-0.18000000000000682
33040,-10.980000000000004
33041,0.03999999999999204
33042,0.009999999999990905
33043,-0.38000000000000966
33044,-1.4200000000000017
33045,-0.480000000000004
33046,-2.1599999999999966
33047,-1.9000000000000057
33048,-0.480000000000004
33049,-13.599999999999994
33050,-1.75
33051,-1.8599999999999994
33052,-0.6500000000000057
33053,-1.1400000000000006
33054,-3.260000000000005
33055,-2.539999999999992
33056,-0.8599999999999994
33057,-7.72999999999999
33058,-3.2299999999999898
33059,-7.530000000000001
33060,-8.649999999999991
33061,-15.700000000000003
33062,-2.6400000000000006
33063,-0.6500000000000057
33064,-2.910000000000011
33065,-2.430000000000007
33066,-1.1099999999999994
33067,-1.1099999999999994
33068,-1.960000000000008
33069,-0.4000000000000057
33070,-21.33
33071,-0.5100000000000051
33072,-1.0600000000000023
33073,-0.5499999999999972
33074,-0.1599999999999966
33075,-0.519999999999996
33076,-4.329999999999998
33077,-2.7099999999999937
33078,-1.289999999999992
33079,-11.329999999999998
33080,-4.039999999999992
33081,-5.409999999999997
33082,-1.9799999999999898
33083,-6.079999999999998
33084,-10.25
33085,0.5300000000000011
33086,-8.899999999999991
33087,-0.5600000000000023
33088,-4.689999999999998
33089,-1.4899999999999949
33090,-5.36999999999999
33091,-2.730000000000004
33092,-0.9599999999999937
33093,0.7400000000000091
33094,-0.3299999999999983
33095,-0.269999999999996
33096,-2.019999999999996
33097,-28.310000000000002
33098,0.28000000000000114
33099,-5.030000000000001
33100,-1.1499999999999915
33101,-0.01999999999999602
33102,-0.8299999999999983
33103,-0.18999999999999773
33104,-0.6299999999999955
33105,-2.019999999999996
33106,-0.6899999999999977
33107,-6.679999999999993
33108,-0.789999999999992
33109,-2.030000000000001
33110,-3.030000000000001
33111,-1.0700000000000074
33112,-0.8700000000000045
33113,-5.680000000000007
33114,0.7399999999999949
33115,1.2999999999999972
33116,-5.290000000000006
33117,-1.6400000000000006
33118,-2.0600000000000023
33119,-3.1899999999999977
33120,-9.200000000000003
33121,-4.069999999999993
33122,-2.3299999999999983
33123,-1.8100000000000023
33124,-0.7299999999999898
33125,-4.3999999999999915
33126,-0.39000000000000057
33127,-0.21000000000000796
33128,-0.15000000000000568
33129,-0.75
33130,-0.38000000000000966
33131,-0.8400000000000034
33132,-1.0100000000000051
33133,-0.020000000000010232
33134,-1.0700000000000074
33135,-2.0400000000000063
33136,-8.260000000000005
33137,-0.3200000000000074
33138,-1.0799999999999983
33139,-1.4899999999999949
33140,-0.04999999999999716
33141,-1.029999999999987
33142,-0.6299999999999955
33143,-0.5499999999999972
33144,-0.5899999999999892
33145,-5.72999999999999
33146,-4.9199999999999875
33147,-0.7600000000000051
33148,-0.39000000000000057
33149,-0.75
33150,-0.6500000000000057
33151,-0.5900000000000034
33152,-0.4900000000000091
33153,-0.6200000000000045
33154,-0.1600000000000108
33155,-1.0300000000000011
33156,-9.459999999999994
33157,-1.3699999999999903
33158,-0.6199999999999903
33159,-1.3999999999999915
33160,-2.4200000000000017
33161,-4.099999999999994
33162,-0.4099999999999966
33163,-7.709999999999994
33164,-7.829999999999998
33165,-6.569999999999993
33166,-1.8199999999999932
33167,-4.109999999999999
33168,-3.799999999999997
33169,-2.950000000000003
33170,-25.400000000000006
33171,-2.519999999999996
33172,-2.0600000000000023
33173,-1.519999999999996
33174,-8.75
33175,-7.329999999999998
33176,-3.519999999999996
33177,-7.860000000000014
33178,-3.5700000000000074
33179,-10.91000000000001
33180,-0.5600000000000023
33181,-31.74000000000001
33182,-16.230000000000004
33183,-0.8900000000000006
33184,-4.25
33185,-13.040000000000006
33186,-14.980000000000004
33187,-2.3299999999999983
33188,0.27000000000001023
33189,-0.25
33190,-1.3199999999999932
33191,-0.28999999999999204
33192,-0.6099999999999994
33193,-0.4399999999999977
33194,-0.18999999999999773
33195,-0.15000000000000568
33196,0.009999999999990905
33197,-2.0200000000000102
33198,-0.9299999999999926
33199,-0.5
33200,-2.269999999999996
33201,-0.7099999999999937
33202,-0.8900000000000006
33203,-0.9099999999999966
33204,-0.9299999999999926
33205,-0.6899999999999977
33206,-2.0
33207,-2.230000000000004
33208,-0.6700000000000017
33209,0.25
33210,-1.1899999999999977
33211,-0.030000000000001137
33212,-1.1599999999999966
33213,-2.049999999999997
33214,-1.8799999999999955
33215,-0.7999999999999972
33216,-0.009999999999990905
33217,-1.0
33218,-0.7199999999999989
33219,-1.1899999999999977
33220,-1.8199999999999932
33221,-1.7099999999999937
33222,-0.4899999999999949
33223,-0.1699999999999875
33224,0.10999999999999943
33225,-0.060000000000002274
33226,-9.739999999999995
33227,-1.8299999999999983
33228,-0.09000000000000341
33229,-0.6599999999999966
33230,0.39000000000000057
33231,-0.7199999999999989
33232,-0.01999999999999602
33233,0.21999999999999886
33234,-1.1700000000000017
33235,-0.5900000000000034
33236,-3.8400000000000034
33237,-0.4299999999999926
33238,0.9899999999999949
33239,-2.3299999999999983
33240,-0.010000000000005116
33241,-0.8199999999999932
33242,-0.8100000000000023
33243,-0.18999999999999773
33244,-0.20999999999999375
33245,-1.9399999999999977
33246,-0.6500000000000057
33247,-0.7999999999999972
33248,-2.6400000000000006
33249,0.0
33250,-1.1599999999999966
33251,-0.6099999999999994
33252,-2.030000000000001
33253,-1.1400000000000006
33254,-1.3100000000000023
33255,-0.9699999999999989
33256,-1.1299999999999955
33257,-1.0600000000000023
33258,-1.3799999999999955
33259,-0.9200000000000017
33260,-3.25
33261,-0.9900000000000091
33262,-0.14000000000000057
33263,-3.5400000000000063
33264,-3.5600000000000023
33265,-1.6899999999999977
33266,-0.10999999999999943
33267,-0.6899999999999977
33268,-0.1600000000000108
33269,0.06999999999999318
33270,0.6299999999999955
33271,-0.04999999999999716
33272,-0.09000000000000341
33273,-0.29000000000000625
33274,-3.3400000000000034
33275,0.14000000000000057
33276,-2.0
33277,-17.210000000000008
33278,-0.730000000000004
33279,-0.7700000000000102
33280,0.9299999999999926
33281,-0.8299999999999983
33282,-1.1400000000000006
33283,0.0899999999999892
33284,-0.0799999999999983
33285,-0.45999999999999375
33286,0.1599999999999966
33287,-0.6299999999999955
33288,-3.0600000000000023
33289,-18.299999999999997
33290,-0.4399999999999977
33291,1.210000000000008
33292,-2.25
33293,0.5799999999999983
33294,-20.61
33295,-30.410000000000004
33296,-2.180000000000007
33297,-4.040000000000006
33298,-12.850000000000009
33299,-2.769999999999996
33300,0.3499999999999943
33301,0.8900000000000006
33302,0.37999999999999545
33303,0.5600000000000023
33304,-2.1899999999999977
33305,1.230000000000004
33306,1.519999999999996
33307,1.5400000000000063
33308,-26.61
33309,1.0700000000000074
33310,1.2999999999999972
33311,-23.89
33312,-28.099999999999994
33313,-15.769999999999996
33314,-5.5
33315,-0.35999999999999943
33316,-3.1299999999999955
33317,0.25
33318,-2.210000000000008
33319,-1.75
33320,-0.5400000000000063
33321,1.9399999999999977
33322,-15.670000000000002
33323,-0.4299999999999926
33324,-4.929999999999993
33325,1.230000000000004
33326,-14.08999999999999
33327,-2.3799999999999955
33328,-3.5400000000000063
33329,-2.019999999999996
33330,1.2099999999999937
33331,-2.3299999999999983
33332,0.1700000000000017
33333,-0.36999999999999034
33334,0.14000000000000057
33335,0.8200000000000074
33336,1.1300000000000097
33337,-0.9499999999999886
33338,-4.829999999999998
33339,-7.1499999999999915
33340,-14.590000000000003
33341,-8.810000000000002
33342,1.9899999999999949
33343,-1.8400000000000034
33344,1.0499999999999972
33345,-2.160000000000011
33346,-0.5500000000000114
33347,-7.530000000000001
33348,-1.6299999999999955
33349,-2.719999999999999
33350,-2.4799999999999898
33351,-2.3499999999999943
33352,1.740000000000009
33353,2.7700000000000102
33354,1.8300000000000125
33355,1.1400000000000006
33356,3.5600000000000023
33357,-0.009999999999990905
33358,-0.7800000000000011
33359,0.30000000000001137
33360,0.04000000000000625
33361,-5.0
33362,-0.14000000000000057
33363,-1.3400000000000034
33364,-9.52000000000001
33365,-12.340000000000003
33366,-5.02000000000001
33367,-7.1200000000000045
33368,-3.6000000000000085
33369,1.8399999999999892
33370,-0.8800000000000097
33371,-10.050000000000011
33372,-6.490000000000009
33373,0.8500000000000085
33374,-1.4399999999999977
33375,-4.480000000000004
33376,0.20000000000000284
33377,-4.609999999999999
33378,1.1099999999999994
33379,-0.8400000000000034
33380,0.030000000000001137
33381,0.12000000000000455
33382,-1.1599999999999966
33383,0.23000000000000398
33384,-0.36999999999999034
33385,-0.30999999999998806
33386,-0.38999999999998636
33387,-0.3499999999999943
33388,-0.9399999999999977
33389,-0.9899999999999949
33390,-11.669999999999987
33391,0.480000000000004
33392,-1.5600000000000023
33393,0.04999999999999716
33394,0.3299999999999983
33395,1.2600000000000051
33396,-0.45999999999999375
33397,0.18000000000000682
33398,-1.5400000000000063
33399,-0.4000000000000057
33400,-2.5400000000000063
33401,0.5999999999999943
33402,-0.27000000000001023
33403,0.45000000000000284
33404,0.7900000000000063
33405,0.05000000000001137
33406,0.18000000000000682
33407,0.25
33408,0.5200000000000102
33409,1.4200000000000017
33410,1.6700000000000017
33411,0.9100000000000108
33412,-1.0300000000000011
33413,-0.6200000000000045
33414,-0.6099999999999994
33415,-0.9699999999999989
33416,0.19999999999998863
33417,-0.18000000000000682
33418,0.21999999999999886
33419,-1.2600000000000051
33420,-1.1000000000000085
33421,-0.6700000000000017
33422,-1.8700000000000045
33423,-3.940000000000012
33424,-7.13000000000001
33425,0.35999999999999943
33426,0.020000000000010232
33427,-6.429999999999993
33428,0.10999999999999943
33429,-0.4200000000000017
33430,-0.1799999999999926
33431,-4.0
33432,-0.5200000000000102
33433,-1.5100000000000051
33434,-0.15000000000000568
33435,-1.240000000000009
33436,-0.44000000000001194
33437,-2.4200000000000017
33438,-3.4200000000000017
33439,-2.700000000000003
33440,-1.6800000000000068
33441,-1.7600000000000051
33442,-0.060000000000002274
33443,-0.7400000000000091
33444,-0.23000000000000398
33445,-1.2199999999999989
33446,-1.0400000000000063
33447,-1.3500000000000085
33448,-5.6000000000000085
33449,-1.5
33450,-1.2800000000000011
33451,-2.480000000000004
33452,-2.25
33453,-3.75
33454,-0.15000000000000568
33455,-0.8900000000000006
33456,-0.3299999999999983
33457,0.06999999999999318
33458,-0.44999999999998863
33459,-1.3199999999999932
33460,-0.1699999999999875
33461,-0.20999999999999375
33462,-0.46999999999999886
33463,0.14000000000000057
33464,0.0800000000000125
33465,-0.4399999999999977
33466,-1.2700000000000102
33467,-0.5800000000000125
33468,-0.28000000000000114
33469,-1.7700000000000102
33470,-0.8500000000000085
33471,-0.39000000000000057
33472,-0.46999999999999886
33473,-0.5700000000000074
33474,-0.6300000000000097
33475,-1.3900000000000006
33476,-1.4000000000000057
33477,-0.3100000000000023
33478,-0.030000000000001137
33479,-0.09000000000000341
33480,-0.46000000000000796
33481,-0.37000000000000455
33482,-6.040000000000006
33483,-0.2400000000000091
33484,-7.769999999999996
33485,-0.7299999999999898
33486,-0.769999999999996
33487,-0.269999999999996
33488,-1.259999999999991
33489,-0.1700000000000017
33490,-1.1400000000000006
33491,-1.3599999999999994
33492,-0.5300000000000011
33493,-0.25
33494,-0.030000000000001137
33495,-0.04999999999999716
33496,-0.030000000000001137
33497,0.12999999999999545
33498,-0.3200000000000074
33499,-1.25
33500,-0.9099999999999966
33501,-1.7999999999999972
33502,-0.5799999999999983
33503,-1.4499999999999886
33504,-0.0799999999999983
33505,-13.549999999999997
33506,-1.789999999999992
33507,-0.6400000000000006
33508,-1.509999999999991
33509,-0.8900000000000006
33510,-0.5
33511,-1.1400000000000006
33512,-1.259999999999991
33513,-0.7999999999999972
33514,-2.260000000000005
33515,-1.1400000000000006
33516,-1.519999999999996
33517,-0.04999999999999716
33518,-0.7199999999999989
33519,-1.9200000000000017
33520,-7.079999999999998
33521,-0.38999999999998636
33522,-0.25
33523,-0.4299999999999926
33524,-1.6599999999999966
33525,-1.8499999999999943
33526,-1.1300000000000097
33527,-0.38000000000000966
33528,-0.8100000000000023
33529,-0.8700000000000045
33530,-1.4200000000000017
33531,-0.9700000000000131
33532,-0.3500000000000085
33533,-0.37000000000000455
33534,-0.3400000000000034
33535,-0.10999999999999943
33536,-1.3800000000000097
33537,-4.480000000000004
33538,-2.289999999999992
33539,0.20000000000000284
33540,-0.519999999999996
33541,-0.7800000000000011
33542,0.1799999999999926
33543,0.01999999999999602
33544,-1.1700000000000017
33545,-1.0600000000000023
33546,-1.2299999999999898
33547,-2.030000000000001
33548,-1.039999999999992
33549,-0.18999999999999773
33550,-0.5099999999999909
33551,0.1600000000000108
33552,0.09000000000000341
33553,0.1600000000000108
33554,-0.09999999999999432
33555,-0.12999999999999545
33556,0.25
33557,-1.3699999999999903
33558,0.4000000000000057
33559,0.39000000000000057
33560,-11.949999999999989
33561,0.3400000000000034
33562,-0.3999999999999915
33563,-0.30999999999998806
33564,0.11000000000001364
33565,-0.06999999999999318
33566,-0.7399999999999949
33567,0.5900000000000034
33568,-7.640000000000001
33569,-0.23000000000000398
33570,-0.5999999999999943
33571,0.060000000000002274
33572,-0.28000000000000114
33573,-0.4399999999999977
33574,-0.8199999999999932
33575,-0.44999999999998863
33576,-0.46999999999999886
33577,-1.8599999999999994
33578,-1.2999999999999972
33579,-0.7399999999999949
33580,-1.5499999999999972
33581,-1.0499999999999972
33582,-3.4499999999999886
33583,-2.589999999999989
33584,-1.2800000000000011
33585,-0.9199999999999875
33586,-1.259999999999991
33587,-0.45000000000000284
33588,-0.10999999999999943
33589,-0.20000000000000284
33590,-0.8999999999999915
33591,-0.3299999999999983
33592,-0.23999999999999488
33593,-3.4200000000000017
33594,-0.14000000000000057
33595,-0.5
33596,-0.09999999999999432
33597,-1.4200000000000017
33598,-0.3299999999999983
33599,-2.319999999999993
33600,-0.01999999999999602
33601,-0.060000000000002274
33602,-0.5799999999999983
33603,-0.539999999999992
33604,-0.4099999999999966
33605,-0.3199999999999932
33606,-1.769999999999996
33607,-0.980000000000004
33608,0.0
33609,-0.7999999999999972
33610,-0.9099999999999966
33611,-0.25
33612,-2.4399999999999977
33613,-0.7000000000000028
33614,-1.5900000000000034
33615,-0.5499999999999972
33616,-0.9099999999999966
33617,-1.6200000000000045
33618,-2.799999999999997
33619,-1.710000000000008
33620,-0.9899999999999949
33621,-0.21999999999999886
33622,-0.3400000000000034
33623,-0.3400000000000034
33624,-1.3900000000000006
33625,-1.0100000000000051
33626,-0.7000000000000028
33627,-0.3500000000000085
33628,-0.39000000000000057
33629,0.0
33630,-8.509999999999991
33631,-1.6499999999999915
33632,-0.14000000000000057
33633,-0.769999999999996
33634,-1.2600000000000051
33635,-0.2600000000000051
33636,-2.8200000000000074
33637,-2.789999999999992
33638,-5.209999999999994
33639,-3.0
33640,-0.8100000000000023
33641,-0.20999999999999375
33642,-1.4699999999999989
33643,0.20000000000000284
33644,-0.009999999999990905
33645,-2.969999999999999
33646,-5.400000000000006
33647,-11.829999999999998
33648,-2.069999999999993
33649,-6.030000000000001
33650,-3.3100000000000023
33651,-10.069999999999993
33652,-12.849999999999994
33653,-2.280000000000001
33654,-2.9099999999999966
33655,-6.079999999999998
33656,0.9000000000000057
33657,-4.039999999999992
33658,-7.299999999999997
33659,-1.5900000000000034
33660,1.3400000000000034
33661,-5.989999999999995
33662,-6.609999999999999
33663,-4.109999999999999
33664,-5.289999999999992
33665,-3.530000000000001
33666,-0.8699999999999903
33667,-1.2399999999999949
33668,-1.2099999999999937
33669,-0.75
33670,-1.2999999999999972
33671,0.09000000000000341
33672,0.29000000000000625
33673,-5.0
33674,-3.6299999999999955
33675,1.0
33676,-2.8499999999999943
33677,-0.9099999999999966
33678,0.5400000000000063
33679,0.030000000000001137
33680,-1.1400000000000006
33681,-0.4299999999999926
33682,0.25
33683,-2.6400000000000006
33684,-0.269999999999996
33685,-1.769999999999996
33686,-0.4099999999999966
33687,-6.11999999999999
33688,-9.549999999999997
33689,-1.75
33690,-1.3200000000000074
33691,-0.010000000000005116
33692,-0.3100000000000023
33693,0.9599999999999937
33694,1.0
33695,-4.329999999999998
33696,-0.5700000000000074
33697,-3.799999999999997
33698,-23.78
33699,-0.8599999999999994
33700,-9.11999999999999
33701,-1.4299999999999926
33702,-10.799999999999997
33703,1.0600000000000023
33704,-1.6999999999999886
33705,-12.539999999999992
33706,-0.0799999999999983
33707,-0.6700000000000017
33708,-5.699999999999989
33709,-0.769999999999996
33710,-0.37999999999999545
33711,-1.25
33712,-1.6099999999999994
33713,-0.9500000000000028
33714,-0.730000000000004
33715,-0.5900000000000034
33716,-1.4399999999999977
33717,-2.309999999999988
33718,-0.6499999999999915
33719,-0.5599999999999881
33720,-0.45999999999999375
33721,-1.6099999999999994
33722,-3.1999999999999886
33723,-1.6899999999999977
33724,-1.980000000000004
33725,-1.1400000000000006
33726,-2.3100000000000023
33727,-2.4200000000000017
33728,-3.1200000000000045
33729,-0.269999999999996
33730,-0.8599999999999994
33731,-3.8500000000000085
33732,-1.9300000000000068
33733,-1.0300000000000011
33734,-1.8299999999999983
33735,-1.269999999999996
33736,-0.46999999999999886
33737,-3.1599999999999966
33738,-1.259999999999991
33739,-2.029999999999987
33740,-1.6799999999999926
33741,-1.2600000000000051
33742,-6.650000000000006
33743,-3.460000000000008
33744,-3.719999999999999
33745,-2.769999999999996
33746,-2.3999999999999915
33747,-0.20999999999999375
33748,-4.760000000000005
33749,-5.739999999999995
33750,-0.5600000000000023
33751,-5.709999999999994
33752,-4.280000000000001
33753,-4.439999999999998
33754,-5.289999999999992
33755,-0.6799999999999926
33756,-36.9
33757,-10.810000000000002
33758,-36.35
33759,-32.269999999999996
33760,-30.0
33761,-6.230000000000004
33762,-33.72
33763,-36.31
33764,-21.090000000000003
33765,-26.049999999999997
33766,-9.75
33767,-42.4
33768,-8.590000000000003
33769,-38.0
33770,-32.56
33771,-3.1799999999999926
33772,-6.8799999999999955
33773,-38.2
33774,-20.739999999999995
33775,-4.75
33776,-4.329999999999998
33777,-4.810000000000002
33778,-9.550000000000004
33779,-8.690000000000005
33780,8.61999999999999
33781,-6.750000000000007
33782,-8.510000000000005
33783,4.459999999999994
33784,14.419999999999987
33785,-3.490000000000009
33786,-1.5300000000000011
33787,-0.14999999999999858
33788,-2.260000000000005
33789,0.28000000000000114
33790,-3.6400000000000006
33791,1.3500000000000014
33792,1.2800000000000011
33793,-2.1199999999999974
33794,-6.619999999999997
33795,-0.3299999999999983
33796,-4.829999999999998
33797,-2.539999999999999
33798,2.9299999999999997
33799,-4.920000000000002
33800,-3.9399999999999977
33801,-9.64
33802,-5.310000000000002
